<?xml version="1.0" encoding="UTF-8"?>
<project-private xmlns="http://www.netbeans.org/ns/project-private/1">
    <editor-bookmarks xmlns="http://www.netbeans.org/ns/editor-bookmarks/2" lastBookmarkId="0"/>
    <open-files xmlns="http://www.netbeans.org/ns/projectui-open-files/2">
        <group name="Diario">
            <file>file:/C:/Users/alumno/Desktop/espacio_trabajo_PROG/RepoProgramacion25-26/TEMA_8/TEMA8_Ejercicio13y14/src/tema8_ejercicio13y14/Alumno.java</file>
            <file>file:/C:/Users/alumno/Desktop/espacio_trabajo_PROG/RepoProgramacion25-26/TEMA_8/TEMA8_Ejercicio13y14/src/tema8_ejercicio13y14/TEMA8_Ejercicio13y14.java</file>
        </group>
    </open-files>
</project-private>
